name,sku,category,price,stock,sold_count,status
Product_0001,SKU-000001,Electronics,893774687.00,119,6456,active
Product_0002,SKU-000002,Office,1140283750.00,441,3784,active
Product_0003,SKU-000003,Furniture,1432635259.00,598,13235,active
Product_0004,SKU-000004,Food,209505581.00,195,16001,active
Product_0005,SKU-000005,Apparel,1182747334.00,229,11792,active
Product_0006,SKU-000006,Healthcare,1841379872.00,512,11651,active
Product_0007,SKU-000007,Industrial,75962338.00,450,9108,active
Product_0008,SKU-000008,Software,657721509.00,332,9469,active
Product_0009,SKU-000009,Electronics,107124314.00,537,396,active
Product_0010,SKU-000010,Office,544974319.00,549,11346,active
Product_0011,SKU-000011,Furniture,821248706.00,284,10326,active
Product_0012,SKU-000012,Food,1285278687.00,288,446,active
Product_0013,SKU-000013,Apparel,72403522.00,58,8790,active
Product_0014,SKU-000014,Healthcare,1658971352.00,267,292,active
Product_0015,SKU-000015,Industrial,651978848.00,513,15298,active
Product_0016,SKU-000016,Software,483170265.00,257,18734,active
Product_0017,SKU-000017,Electronics,197475426.00,228,7741,active
Product_0018,SKU-000018,Office,748852906.00,35,17897,active
Product_0019,SKU-000019,Furniture,15223331.00,563,19352,active
Product_0020,SKU-000020,Food,219035417.00,366,19388,active
Product_0021,SKU-000021,Apparel,192259721.00,190,11859,active
Product_0022,SKU-000022,Healthcare,1952333530.00,94,14596,active
Product_0023,SKU-000023,Industrial,1054525854.00,84,4559,active
Product_0024,SKU-000024,Software,600339014.00,417,10329,active
Product_0025,SKU-000025,Electronics,381712905.00,367,6861,active
Product_0026,SKU-000026,Office,1212648594.00,513,16289,active
Product_0027,SKU-000027,Furniture,1301384292.00,211,6233,active
Product_0028,SKU-000028,Food,463911637.00,87,11317,active
Product_0029,SKU-000029,Apparel,356820064.00,242,17393,active
Product_0030,SKU-000030,Healthcare,568087595.00,231,16538,active
Product_0031,SKU-000031,Industrial,299167168.00,18,15278,active
Product_0032,SKU-000032,Software,1586114181.00,546,18490,active
Product_0033,SKU-000033,Electronics,972648373.00,80,4091,active
Product_0034,SKU-000034,Office,1339084225.00,92,2066,active
Product_0035,SKU-000035,Furniture,105731639.00,525,12201,active
Product_0036,SKU-000036,Food,1911848128.00,506,5601,active
Product_0037,SKU-000037,Apparel,1180635577.00,286,14341,active
Product_0038,SKU-000038,Healthcare,1766417098.00,385,18353,active
Product_0039,SKU-000039,Industrial,734882814.00,585,4420,active
Product_0040,SKU-000040,Software,505503022.00,127,9390,active
Product_0041,SKU-000041,Electronics,908025453.00,506,14929,active
Product_0042,SKU-000042,Office,258962686.00,488,18406,active
Product_0043,SKU-000043,Furniture,1228809619.00,376,18,active
Product_0044,SKU-000044,Food,1823948796.00,575,19921,active
Product_0045,SKU-000045,Apparel,2130401753.00,448,4561,active
Product_0046,SKU-000046,Healthcare,1251610379.00,157,17748,active
Product_0047,SKU-000047,Industrial,2111716850.00,543,1937,active
Product_0048,SKU-000048,Software,1766789316.00,464,1992,active
Product_0049,SKU-000049,Electronics,324428442.00,204,597,active
Product_0050,SKU-000050,Office,391945636.00,168,17389,active
Product_0051,SKU-000051,Furniture,894945253.00,533,11236,active
Product_0052,SKU-000052,Food,1182681607.00,255,11868,active
Product_0053,SKU-000053,Apparel,384117358.00,506,16982,active
Product_0054,SKU-000054,Healthcare,2499569.00,572,8321,active
Product_0055,SKU-000055,Industrial,658761336.00,524,392,active
Product_0056,SKU-000056,Software,928772660.00,185,2876,active
Product_0057,SKU-000057,Electronics,892210633.00,576,15597,active
Product_0058,SKU-000058,Office,1180036832.00,403,9567,active
Product_0059,SKU-000059,Furniture,1882114045.00,245,14069,active
Product_0060,SKU-000060,Food,731016288.00,544,10457,active
Product_0061,SKU-000061,Apparel,512822679.00,84,9575,active
Product_0062,SKU-000062,Healthcare,668700390.00,416,5319,active
Product_0063,SKU-000063,Industrial,293163140.00,349,16359,active
Product_0064,SKU-000064,Software,1676992149.00,262,12740,active
Product_0065,SKU-000065,Electronics,298548603.00,138,12547,active
Product_0066,SKU-000066,Office,629960194.00,204,16614,active
Product_0067,SKU-000067,Furniture,1024327757.00,472,9450,active
Product_0068,SKU-000068,Food,632811538.00,562,1058,active
Product_0069,SKU-000069,Apparel,149118767.00,58,16129,active
Product_0070,SKU-000070,Healthcare,1130036482.00,591,19893,active
Product_0071,SKU-000071,Industrial,518583685.00,176,8062,active
Product_0072,SKU-000072,Software,1644537700.00,290,9160,active
Product_0073,SKU-000073,Electronics,549070.00,341,17565,active
Product_0074,SKU-000074,Office,621821600.00,200,15054,active
Product_0075,SKU-000075,Furniture,1502964923.00,437,18745,active
Product_0076,SKU-000076,Food,1681221230.00,557,8684,active
Product_0077,SKU-000077,Apparel,495526469.00,546,2794,active
Product_0078,SKU-000078,Healthcare,1086817185.00,339,8940,active
Product_0079,SKU-000079,Industrial,718302108.00,173,11005,active
Product_0080,SKU-000080,Software,1170947954.00,595,7054,active
Product_0081,SKU-000081,Electronics,1283731153.00,348,14312,active
Product_0082,SKU-000082,Office,1279122251.00,138,9979,active
Product_0083,SKU-000083,Furniture,506955222.00,323,3189,active
Product_0084,SKU-000084,Food,1683492998.00,233,4670,active
Product_0085,SKU-000085,Apparel,1007877637.00,423,8984,active
Product_0086,SKU-000086,Healthcare,1946987147.00,140,16727,active
Product_0087,SKU-000087,Industrial,1734114871.00,327,10389,active
Product_0088,SKU-000088,Software,965713105.00,229,12493,active
Product_0089,SKU-000089,Electronics,2106022233.00,29,3238,active
Product_0090,SKU-000090,Office,2127430093.00,410,3582,active
Product_0091,SKU-000091,Furniture,1437989593.00,285,12424,active
Product_0092,SKU-000092,Food,1787147662.00,430,17562,active
Product_0093,SKU-000093,Apparel,442001061.00,57,9006,active
Product_0094,SKU-000094,Healthcare,1746054692.00,561,10792,active
Product_0095,SKU-000095,Industrial,1022161208.00,484,614,active
Product_0096,SKU-000096,Software,1374493802.00,487,4762,active
Product_0097,SKU-000097,Electronics,1151501381.00,540,4385,active
Product_0098,SKU-000098,Office,1011716372.00,56,2830,active
Product_0099,SKU-000099,Furniture,750488438.00,582,16563,active
Product_0100,SKU-000100,Food,2079456340.00,378,12715,active
Product_0101,SKU-000101,Apparel,198823426.00,321,5776,active
Product_0102,SKU-000102,Healthcare,629821955.00,349,14192,active
Product_0103,SKU-000103,Industrial,798815832.00,444,17358,active
Product_0104,SKU-000104,Software,497642276.00,514,4353,active
Product_0105,SKU-000105,Electronics,311032756.00,402,3096,active
Product_0106,SKU-000106,Office,559394161.00,453,66,active
Product_0107,SKU-000107,Furniture,87888532.00,143,2220,active
Product_0108,SKU-000108,Food,680223039.00,226,15631,active
Product_0109,SKU-000109,Apparel,967034043.00,332,14398,active
Product_0110,SKU-000110,Healthcare,440094085.00,399,19111,active
Product_0111,SKU-000111,Industrial,694881884.00,1,7430,low
Product_0112,SKU-000112,Software,836357911.00,316,12266,active
Product_0113,SKU-000113,Electronics,1080535552.00,145,16893,active
Product_0114,SKU-000114,Office,1858754130.00,224,13841,active
Product_0115,SKU-000115,Furniture,1495213601.00,455,18317,active
Product_0116,SKU-000116,Food,656787937.00,124,5418,active
Product_0117,SKU-000117,Apparel,800135119.00,14,4174,active
Product_0118,SKU-000118,Healthcare,602701668.00,142,14315,active
Product_0119,SKU-000119,Industrial,549869216.00,462,7510,active
Product_0120,SKU-000120,Software,963359846.00,347,13694,active
Product_0121,SKU-000121,Electronics,1981240373.00,544,8674,active
Product_0122,SKU-000122,Office,1353338293.00,525,11109,active
Product_0123,SKU-000123,Furniture,594517781.00,340,11323,active
Product_0124,SKU-000124,Food,506666662.00,381,6219,active
Product_0125,SKU-000125,Apparel,1059177179.00,279,7864,active
Product_0126,SKU-000126,Healthcare,141421518.00,420,9534,active
Product_0127,SKU-000127,Industrial,1488395633.00,311,10080,active
Product_0128,SKU-000128,Software,1822692947.00,253,10079,active
Product_0129,SKU-000129,Electronics,1569898669.00,349,9001,active
Product_0130,SKU-000130,Office,242927898.00,380,19113,active
Product_0131,SKU-000131,Furniture,710509867.00,267,11779,active
Product_0132,SKU-000132,Food,1274899048.00,413,5459,active
Product_0133,SKU-000133,Apparel,1700868011.00,330,1641,active
Product_0134,SKU-000134,Healthcare,1344589784.00,323,12195,active
Product_0135,SKU-000135,Industrial,332559681.00,68,7678,active
Product_0136,SKU-000136,Software,2038562963.00,81,3144,active
Product_0137,SKU-000137,Electronics,935559139.00,175,15696,active
Product_0138,SKU-000138,Office,397233033.00,21,18360,active
Product_0139,SKU-000139,Furniture,393477828.00,106,11443,active
Product_0140,SKU-000140,Food,1933543392.00,244,10171,active
Product_0141,SKU-000141,Apparel,1239868139.00,444,4849,active
Product_0142,SKU-000142,Healthcare,1519243877.00,426,5199,active
Product_0143,SKU-000143,Industrial,1988686088.00,355,18897,active
Product_0144,SKU-000144,Software,1028554458.00,443,6405,active
Product_0145,SKU-000145,Electronics,1620050814.00,511,11814,active
Product_0146,SKU-000146,Office,1847123651.00,146,19715,active
Product_0147,SKU-000147,Furniture,661485058.00,345,5586,active
Product_0148,SKU-000148,Food,13683972.00,284,6809,active
Product_0149,SKU-000149,Apparel,2137984344.00,380,12990,active
Product_0150,SKU-000150,Healthcare,1094127468.00,340,2565,active
Product_0151,SKU-000151,Industrial,1423371927.00,201,9028,active
Product_0152,SKU-000152,Software,325986690.00,410,18882,active
Product_0153,SKU-000153,Electronics,643401526.00,365,13392,active
Product_0154,SKU-000154,Office,1323975859.00,390,10456,active
Product_0155,SKU-000155,Furniture,1973620015.00,222,15408,active
Product_0156,SKU-000156,Food,1962224874.00,528,8945,active
Product_0157,SKU-000157,Apparel,800645534.00,576,15267,active
Product_0158,SKU-000158,Healthcare,1785816914.00,47,3624,active
Product_0159,SKU-000159,Industrial,517031032.00,526,338,active
Product_0160,SKU-000160,Software,727882305.00,55,1322,active
Product_0161,SKU-000161,Electronics,1333488334.00,439,5049,active
Product_0162,SKU-000162,Office,997414851.00,107,11084,active
Product_0163,SKU-000163,Furniture,1961598512.00,447,13300,active
Product_0164,SKU-000164,Food,1631528329.00,144,10215,active
Product_0165,SKU-000165,Apparel,1096530765.00,215,12804,active
Product_0166,SKU-000166,Healthcare,1581674051.00,354,470,active
Product_0167,SKU-000167,Industrial,1284991504.00,334,17730,active
Product_0168,SKU-000168,Software,1865165647.00,429,16386,active
Product_0169,SKU-000169,Electronics,2032742166.00,180,18774,active
Product_0170,SKU-000170,Office,414697314.00,202,9876,active
Product_0171,SKU-000171,Furniture,1667939647.00,598,8418,active
Product_0172,SKU-000172,Food,2145548775.00,500,12081,active
Product_0173,SKU-000173,Apparel,937090256.00,268,17252,active
Product_0174,SKU-000174,Healthcare,653481573.00,305,10131,active
Product_0175,SKU-000175,Industrial,2127058224.00,502,18679,active
Product_0176,SKU-000176,Software,1342402264.00,426,9819,active
Product_0177,SKU-000177,Electronics,2030011226.00,70,15463,active
Product_0178,SKU-000178,Office,311968230.00,587,11605,active
Product_0179,SKU-000179,Furniture,10951141.00,384,8630,active
Product_0180,SKU-000180,Food,1483628913.00,262,7232,active
Product_0181,SKU-000181,Apparel,1928906476.00,112,19873,active
Product_0182,SKU-000182,Healthcare,75679726.00,289,15436,active
Product_0183,SKU-000183,Industrial,965845055.00,562,4251,active
Product_0184,SKU-000184,Software,1511708543.00,134,2798,active
Product_0185,SKU-000185,Electronics,1094226853.00,219,7457,active
Product_0186,SKU-000186,Office,484617686.00,137,19734,active
Product_0187,SKU-000187,Furniture,1914237946.00,256,7298,active
Product_0188,SKU-000188,Food,1778348848.00,128,19650,active
Product_0189,SKU-000189,Apparel,1669638324.00,558,13602,active
Product_0190,SKU-000190,Healthcare,277159779.00,130,8490,active
Product_0191,SKU-000191,Industrial,1259837915.00,199,5554,active
Product_0192,SKU-000192,Software,1599128101.00,64,5931,active
Product_0193,SKU-000193,Electronics,589154017.00,335,18409,active
Product_0194,SKU-000194,Office,600507200.00,103,19912,active
Product_0195,SKU-000195,Furniture,1035041538.00,40,15518,active
Product_0196,SKU-000196,Food,2123545770.00,110,4646,active
Product_0197,SKU-000197,Apparel,227348251.00,352,15951,active
Product_0198,SKU-000198,Healthcare,984629717.00,502,1021,active
Product_0199,SKU-000199,Industrial,1203486316.00,530,16285,active
Product_0200,SKU-000200,Software,966986703.00,540,13873,active
Product_0201,SKU-000201,Electronics,1479981670.00,553,2536,active
Product_0202,SKU-000202,Office,2143654315.00,81,368,active
Product_0203,SKU-000203,Furniture,851057398.00,305,9025,active
Product_0204,SKU-000204,Food,1422678063.00,387,6008,active
Product_0205,SKU-000205,Apparel,1779231475.00,395,11173,active
Product_0206,SKU-000206,Healthcare,1751394745.00,304,17018,active
Product_0207,SKU-000207,Industrial,2056669898.00,352,15692,active
Product_0208,SKU-000208,Software,2144849557.00,421,2511,active
Product_0209,SKU-000209,Electronics,1591190008.00,309,6017,active
Product_0210,SKU-000210,Office,2012635982.00,127,15621,active
Product_0211,SKU-000211,Furniture,822020884.00,311,2046,active
Product_0212,SKU-000212,Food,350370665.00,329,14776,active
Product_0213,SKU-000213,Apparel,1606427239.00,385,805,active
Product_0214,SKU-000214,Healthcare,1402438190.00,355,14283,active
Product_0215,SKU-000215,Industrial,928410161.00,580,12926,active
Product_0216,SKU-000216,Software,950110906.00,484,12380,active
Product_0217,SKU-000217,Electronics,590739182.00,138,9217,active
Product_0218,SKU-000218,Office,1080717186.00,437,2266,active
Product_0219,SKU-000219,Furniture,94833922.00,441,15338,active
Product_0220,SKU-000220,Food,39481389.00,427,18623,active
Product_0221,SKU-000221,Apparel,355708539.00,404,18551,active
Product_0222,SKU-000222,Healthcare,2037441799.00,296,10519,active
Product_0223,SKU-000223,Industrial,1448952324.00,359,429,active
Product_0224,SKU-000224,Software,920452584.00,532,4976,active
Product_0225,SKU-000225,Electronics,1714138879.00,434,10823,active
Product_0226,SKU-000226,Office,2119468964.00,49,1958,active
Product_0227,SKU-000227,Furniture,1657057251.00,433,15170,active
Product_0228,SKU-000228,Food,143391892.00,177,2466,active
Product_0229,SKU-000229,Apparel,774505231.00,320,12001,active
Product_0230,SKU-000230,Healthcare,2068452140.00,232,119,active
Product_0231,SKU-000231,Industrial,2013898329.00,541,5773,active
Product_0232,SKU-000232,Software,4266503.00,91,16771,active
Product_0233,SKU-000233,Electronics,1841552658.00,440,11700,active
Product_0234,SKU-000234,Office,2104548120.00,61,8843,active
Product_0235,SKU-000235,Furniture,1224587972.00,566,3034,active
Product_0236,SKU-000236,Food,1030819645.00,401,6530,active
Product_0237,SKU-000237,Apparel,541202024.00,312,6877,active
Product_0238,SKU-000238,Healthcare,408309308.00,339,1332,active
Product_0239,SKU-000239,Industrial,111404665.00,95,15823,active
Product_0240,SKU-000240,Software,1123474646.00,323,14085,active
Product_0241,SKU-000241,Electronics,93251984.00,70,16512,active
Product_0242,SKU-000242,Office,415684650.00,532,16778,active
Product_0243,SKU-000243,Furniture,1609009419.00,400,9591,active
Product_0244,SKU-000244,Food,2273949.00,326,19390,active
Product_0245,SKU-000245,Apparel,1771200877.00,353,12242,active
Product_0246,SKU-000246,Healthcare,1333548794.00,108,14008,active
Product_0247,SKU-000247,Industrial,751470270.00,316,13535,active
Product_0248,SKU-000248,Software,1157481416.00,178,237,active
Product_0249,SKU-000249,Electronics,1408816625.00,39,1347,active
Product_0250,SKU-000250,Office,464412127.00,102,19442,active
Product_0251,SKU-000251,Furniture,548318716.00,469,18273,active
Product_0252,SKU-000252,Food,693041613.00,161,18876,active
Product_0253,SKU-000253,Apparel,27959513.00,109,18642,active
Product_0254,SKU-000254,Healthcare,179531967.00,2,16759,low
Product_0255,SKU-000255,Industrial,268117720.00,255,6953,active
Product_0256,SKU-000256,Software,1774965466.00,464,525,active
Product_0257,SKU-000257,Electronics,2014872389.00,254,17492,active
Product_0258,SKU-000258,Office,184245789.00,389,5402,active
Product_0259,SKU-000259,Furniture,493819400.00,60,9909,active
Product_0260,SKU-000260,Food,1938246917.00,114,15246,active
Product_0261,SKU-000261,Apparel,117686617.00,469,13676,active
Product_0262,SKU-000262,Healthcare,1340803070.00,209,8094,active
Product_0263,SKU-000263,Industrial,1512794335.00,462,18989,active
Product_0264,SKU-000264,Software,1276642056.00,148,5626,active
Product_0265,SKU-000265,Electronics,1591750666.00,11,10565,active
Product_0266,SKU-000266,Office,296284490.00,188,16469,active
Product_0267,SKU-000267,Furniture,356989371.00,204,6386,active
Product_0268,SKU-000268,Food,573419466.00,306,6826,active
Product_0269,SKU-000269,Apparel,1015048789.00,548,15391,active
Product_0270,SKU-000270,Healthcare,444978133.00,543,3461,active
Product_0271,SKU-000271,Industrial,1467738287.00,30,10538,active
Product_0272,SKU-000272,Software,793999288.00,547,1084,active
Product_0273,SKU-000273,Electronics,722267932.00,451,1791,active
Product_0274,SKU-000274,Office,1767328755.00,235,14223,active
Product_0275,SKU-000275,Furniture,1685770386.00,132,18044,active
Product_0276,SKU-000276,Food,1983030835.00,320,1014,active
Product_0277,SKU-000277,Apparel,2104904768.00,364,10215,active
Product_0278,SKU-000278,Healthcare,1651867263.00,431,4239,active
Product_0279,SKU-000279,Industrial,1707299993.00,165,14773,active
Product_0280,SKU-000280,Software,489454582.00,413,3306,active
Product_0281,SKU-000281,Electronics,875029031.00,198,18450,active
Product_0282,SKU-000282,Office,264804134.00,170,4251,active
Product_0283,SKU-000283,Furniture,2024077409.00,225,9588,active
Product_0284,SKU-000284,Food,219879874.00,400,573,active
Product_0285,SKU-000285,Apparel,1423378205.00,534,5216,active
Product_0286,SKU-000286,Healthcare,8865357.00,492,1492,active
Product_0287,SKU-000287,Industrial,1584291130.00,34,14314,active
Product_0288,SKU-000288,Software,765821203.00,412,10754,active
Product_0289,SKU-000289,Electronics,985823024.00,169,15946,active
Product_0290,SKU-000290,Office,1665752890.00,287,2496,active
Product_0291,SKU-000291,Furniture,1728601221.00,428,6768,active
Product_0292,SKU-000292,Food,683944728.00,280,7727,active
Product_0293,SKU-000293,Apparel,190133041.00,499,18614,active
Product_0294,SKU-000294,Healthcare,1068981495.00,431,1764,active
Product_0295,SKU-000295,Industrial,1790057348.00,189,13319,active
Product_0296,SKU-000296,Software,337306566.00,128,17279,active
Product_0297,SKU-000297,Electronics,758550022.00,161,189,active
Product_0298,SKU-000298,Office,1320211153.00,307,12717,active
Product_0299,SKU-000299,Furniture,215458735.00,133,15021,active
Product_0300,SKU-000300,Food,362252764.00,161,13900,active
Product_0301,SKU-000301,Apparel,225694395.00,65,6460,active
Product_0302,SKU-000302,Healthcare,1562621097.00,80,8232,active
Product_0303,SKU-000303,Industrial,160742444.00,526,12159,active
Product_0304,SKU-000304,Software,859742506.00,134,10005,active
Product_0305,SKU-000305,Electronics,234188773.00,208,13559,active
Product_0306,SKU-000306,Office,884385038.00,372,1464,active
Product_0307,SKU-000307,Furniture,905564501.00,78,8096,active
Product_0308,SKU-000308,Food,1836577462.00,333,9683,active
Product_0309,SKU-000309,Apparel,445053208.00,502,15392,active
Product_0310,SKU-000310,Healthcare,34965480.00,341,10906,active
Product_0311,SKU-000311,Industrial,853868652.00,281,14087,active
Product_0312,SKU-000312,Software,319040377.00,421,4445,active
Product_0313,SKU-000313,Electronics,1175861748.00,94,287,active
Product_0314,SKU-000314,Office,1028769573.00,44,19476,active
Product_0315,SKU-000315,Furniture,1370818763.00,544,17996,active
Product_0316,SKU-000316,Food,880182497.00,260,15567,active
Product_0317,SKU-000317,Apparel,1283272639.00,446,6277,active
Product_0318,SKU-000318,Healthcare,780282653.00,272,3222,active
Product_0319,SKU-000319,Industrial,1290424539.00,36,10491,active
Product_0320,SKU-000320,Software,1004917313.00,505,12556,active
Product_0321,SKU-000321,Electronics,1787177.00,281,16950,active
Product_0322,SKU-000322,Office,1478852906.00,418,2308,active
Product_0323,SKU-000323,Furniture,1669459202.00,133,4506,active
Product_0324,SKU-000324,Food,1388992776.00,458,5886,active
Product_0325,SKU-000325,Apparel,487691103.00,73,8291,active
Product_0326,SKU-000326,Healthcare,334077719.00,566,1566,active
Product_0327,SKU-000327,Industrial,970386112.00,500,1845,active
Product_0328,SKU-000328,Software,2056969007.00,461,7996,active
Product_0329,SKU-000329,Electronics,702826202.00,250,15936,active
Product_0330,SKU-000330,Office,1978135046.00,64,13299,active
Product_0331,SKU-000331,Furniture,303149841.00,282,2152,active
Product_0332,SKU-000332,Food,1257045869.00,477,18459,active
Product_0333,SKU-000333,Apparel,1903074884.00,105,13598,active
Product_0334,SKU-000334,Healthcare,836919390.00,183,19155,active
Product_0335,SKU-000335,Industrial,683986156.00,445,5012,active
Product_0336,SKU-000336,Software,1775279732.00,441,4412,active
Product_0337,SKU-000337,Electronics,268418684.00,337,16427,active
Product_0338,SKU-000338,Office,2011977832.00,582,9709,active
Product_0339,SKU-000339,Furniture,485170497.00,519,6798,active
Product_0340,SKU-000340,Food,638100790.00,187,1968,active
Product_0341,SKU-000341,Apparel,1075708379.00,58,15614,active
Product_0342,SKU-000342,Healthcare,2086082631.00,256,3220,active
Product_0343,SKU-000343,Industrial,923468651.00,171,177,active
Product_0344,SKU-000344,Software,1756141604.00,476,11050,active
Product_0345,SKU-000345,Electronics,251869478.00,125,13572,active
Product_0346,SKU-000346,Office,1783900714.00,235,13804,active
Product_0347,SKU-000347,Furniture,1987373430.00,241,10209,active
Product_0348,SKU-000348,Food,170059191.00,17,12547,active
Product_0349,SKU-000349,Apparel,947403378.00,97,582,active
Product_0350,SKU-000350,Healthcare,822094618.00,194,13681,active
Product_0351,SKU-000351,Industrial,554437650.00,297,18745,active
Product_0352,SKU-000352,Software,376863620.00,315,9220,active
Product_0353,SKU-000353,Electronics,763204816.00,342,2114,active
Product_0354,SKU-000354,Office,1441477531.00,204,4147,active
Product_0355,SKU-000355,Furniture,1909795701.00,196,8989,active
Product_0356,SKU-000356,Food,1461519553.00,265,7950,active
Product_0357,SKU-000357,Apparel,1515339744.00,578,3028,active
Product_0358,SKU-000358,Healthcare,494705189.00,287,13614,active
Product_0359,SKU-000359,Industrial,481252126.00,446,7037,active
Product_0360,SKU-000360,Software,598986376.00,196,6846,active
Product_0361,SKU-000361,Electronics,287166129.00,69,3291,active
Product_0362,SKU-000362,Office,14438864.00,422,10432,active
Product_0363,SKU-000363,Furniture,1348403679.00,297,10896,active
Product_0364,SKU-000364,Food,1264931488.00,598,11526,active
Product_0365,SKU-000365,Apparel,1739334985.00,598,13909,active
Product_0366,SKU-000366,Healthcare,1372565537.00,226,5582,active
Product_0367,SKU-000367,Industrial,1953262071.00,158,3435,active
Product_0368,SKU-000368,Software,1419308271.00,453,18294,active
Product_0369,SKU-000369,Electronics,975508784.00,314,8537,active
Product_0370,SKU-000370,Office,447878828.00,101,10728,active
Product_0371,SKU-000371,Furniture,549613862.00,94,1095,active
Product_0372,SKU-000372,Food,33754059.00,440,18619,active
Product_0373,SKU-000373,Apparel,315687794.00,299,11768,active
Product_0374,SKU-000374,Healthcare,1329964189.00,6,2079,low
Product_0375,SKU-000375,Industrial,165977050.00,150,6807,active
Product_0376,SKU-000376,Software,558903056.00,122,2126,active
Product_0377,SKU-000377,Electronics,1759669601.00,390,2768,active
Product_0378,SKU-000378,Office,1570291903.00,362,17735,active
Product_0379,SKU-000379,Furniture,837768022.00,472,17220,active
Product_0380,SKU-000380,Food,1527928715.00,585,1640,active
Product_0381,SKU-000381,Apparel,721686138.00,572,14600,active
Product_0382,SKU-000382,Healthcare,1779418968.00,243,7369,active
Product_0383,SKU-000383,Industrial,1658348929.00,177,3582,active
Product_0384,SKU-000384,Software,1440951042.00,451,14576,active
Product_0385,SKU-000385,Electronics,695950529.00,221,17290,active
Product_0386,SKU-000386,Office,1518541530.00,222,8953,active
Product_0387,SKU-000387,Furniture,330910522.00,168,13371,active
Product_0388,SKU-000388,Food,73170956.00,432,4311,active
Product_0389,SKU-000389,Apparel,189810462.00,266,5549,active
Product_0390,SKU-000390,Healthcare,909349794.00,590,10798,active
Product_0391,SKU-000391,Industrial,1224702335.00,366,18982,active
Product_0392,SKU-000392,Software,792589959.00,337,9635,active
Product_0393,SKU-000393,Electronics,2096219450.00,373,4297,active
Product_0394,SKU-000394,Office,1285436402.00,482,9388,active
Product_0395,SKU-000395,Furniture,1535404549.00,351,19498,active
Product_0396,SKU-000396,Food,1833960951.00,273,12570,active
Product_0397,SKU-000397,Apparel,821975597.00,573,9849,active
Product_0398,SKU-000398,Healthcare,1632470076.00,456,9137,active
Product_0399,SKU-000399,Industrial,63691891.00,485,1429,active
Product_0400,SKU-000400,Software,1263388443.00,510,11365,active
Product_0401,SKU-000401,Electronics,557692596.00,595,10353,active
Product_0402,SKU-000402,Office,1263111388.00,566,7358,active
Product_0403,SKU-000403,Furniture,37422388.00,421,8025,active
Product_0404,SKU-000404,Food,181041704.00,105,9252,active
Product_0405,SKU-000405,Apparel,728127080.00,392,18835,active
Product_0406,SKU-000406,Healthcare,1380157205.00,213,6576,active
Product_0407,SKU-000407,Industrial,2007581329.00,288,17487,active
Product_0408,SKU-000408,Software,53116575.00,263,18224,active
Product_0409,SKU-000409,Electronics,744530226.00,515,31,active
Product_0410,SKU-000410,Office,43499264.00,246,505,active
Product_0411,SKU-000411,Furniture,366543257.00,414,19302,active
Product_0412,SKU-000412,Food,1519161257.00,302,17998,active
Product_0413,SKU-000413,Apparel,1995002096.00,417,9862,active
Product_0414,SKU-000414,Healthcare,1943450252.00,271,16017,active
Product_0415,SKU-000415,Industrial,1880959384.00,263,13528,active
Product_0416,SKU-000416,Software,1456696277.00,72,8283,active
Product_0417,SKU-000417,Electronics,829541062.00,325,12175,active
Product_0418,SKU-000418,Office,1958574709.00,385,3993,active
Product_0419,SKU-000419,Furniture,2129879355.00,94,3041,active
Product_0420,SKU-000420,Food,2140233650.00,445,13360,active
Product_0421,SKU-000421,Apparel,1746308993.00,461,5005,active
Product_0422,SKU-000422,Healthcare,90486059.00,220,7486,active
Product_0423,SKU-000423,Industrial,196816334.00,268,8707,active
Product_0424,SKU-000424,Software,1377764070.00,88,19948,active
Product_0425,SKU-000425,Electronics,1610584793.00,344,12983,active
Product_0426,SKU-000426,Office,1331033944.00,260,4853,active
Product_0427,SKU-000427,Furniture,2090751344.00,155,13344,active
Product_0428,SKU-000428,Food,641657065.00,434,8201,active
Product_0429,SKU-000429,Apparel,1053385560.00,357,15690,active
Product_0430,SKU-000430,Healthcare,1617491230.00,261,6875,active
Product_0431,SKU-000431,Industrial,1917966002.00,11,6773,active
Product_0432,SKU-000432,Software,1167236326.00,14,17523,active
Product_0433,SKU-000433,Electronics,286655155.00,418,3644,active
Product_0434,SKU-000434,Office,1691041585.00,196,4363,active
Product_0435,SKU-000435,Furniture,1978632070.00,505,4898,active
Product_0436,SKU-000436,Food,2134240217.00,44,2640,active
Product_0437,SKU-000437,Apparel,796720541.00,323,4932,active
Product_0438,SKU-000438,Healthcare,1121492411.00,187,12103,active
Product_0439,SKU-000439,Industrial,1669922395.00,492,19643,active
Product_0440,SKU-000440,Software,1872676153.00,335,14022,active
Product_0441,SKU-000441,Electronics,1612575415.00,319,15382,active
Product_0442,SKU-000442,Office,1354255761.00,65,7966,active
Product_0443,SKU-000443,Furniture,2130858038.00,163,14442,active
Product_0444,SKU-000444,Food,388253119.00,24,1870,active
Product_0445,SKU-000445,Apparel,1227516197.00,469,15500,active
Product_0446,SKU-000446,Healthcare,925149464.00,379,9298,active
Product_0447,SKU-000447,Industrial,611626702.00,327,17602,active
Product_0448,SKU-000448,Software,1450889174.00,568,1665,active
Product_0449,SKU-000449,Electronics,1600064875.00,193,13709,active
Product_0450,SKU-000450,Office,448173930.00,477,6534,active
Product_0451,SKU-000451,Furniture,713400128.00,147,16881,active
Product_0452,SKU-000452,Food,1015831361.00,104,3890,active
Product_0453,SKU-000453,Apparel,966967988.00,444,950,active
Product_0454,SKU-000454,Healthcare,1810898900.00,312,17345,active
Product_0455,SKU-000455,Industrial,537697699.00,321,7982,active
Product_0456,SKU-000456,Software,2043759082.00,134,6085,active
Product_0457,SKU-000457,Electronics,1025649311.00,358,2425,active
Product_0458,SKU-000458,Office,2029473706.00,460,13055,active
Product_0459,SKU-000459,Furniture,1068060227.00,104,17813,active
Product_0460,SKU-000460,Food,595881419.00,564,18508,active
Product_0461,SKU-000461,Apparel,1812214478.00,84,18538,active
Product_0462,SKU-000462,Healthcare,492206500.00,447,14371,active
Product_0463,SKU-000463,Industrial,1511689397.00,406,5801,active
Product_0464,SKU-000464,Software,1601694814.00,187,5318,active
Product_0465,SKU-000465,Electronics,196670983.00,573,488,active
Product_0466,SKU-000466,Office,1040494509.00,107,1500,active
Product_0467,SKU-000467,Furniture,352716146.00,347,10653,active
Product_0468,SKU-000468,Food,249204986.00,289,13913,active
Product_0469,SKU-000469,Apparel,453359611.00,500,15044,active
Product_0470,SKU-000470,Healthcare,1807624007.00,334,1967,active
Product_0471,SKU-000471,Industrial,1383114549.00,29,12972,active
Product_0472,SKU-000472,Software,1577098389.00,254,16946,active
Product_0473,SKU-000473,Electronics,258129070.00,424,14009,active
Product_0474,SKU-000474,Office,1064849116.00,494,9919,active
Product_0475,SKU-000475,Furniture,1055864269.00,412,16267,active
Product_0476,SKU-000476,Food,1714375336.00,501,263,active
Product_0477,SKU-000477,Apparel,1652831892.00,303,2919,active
Product_0478,SKU-000478,Healthcare,1230651718.00,575,3049,active
Product_0479,SKU-000479,Industrial,1133137258.00,347,6282,active
Product_0480,SKU-000480,Software,275169010.00,497,3558,active
Product_0481,SKU-000481,Electronics,440393790.00,445,11205,active
Product_0482,SKU-000482,Office,345628497.00,351,14113,active
Product_0483,SKU-000483,Furniture,1352772207.00,293,13057,active
Product_0484,SKU-000484,Food,966900487.00,592,15781,active
Product_0485,SKU-000485,Apparel,650889616.00,596,5847,active
Product_0486,SKU-000486,Healthcare,1243512095.00,135,12638,active
Product_0487,SKU-000487,Industrial,418955209.00,295,5392,active
Product_0488,SKU-000488,Software,1953747513.00,451,11640,active
Product_0489,SKU-000489,Electronics,1216712299.00,511,13584,active
Product_0490,SKU-000490,Office,777166186.00,6,15524,low
Product_0491,SKU-000491,Furniture,1973327652.00,139,8898,active
Product_0492,SKU-000492,Food,179221683.00,155,1565,active
Product_0493,SKU-000493,Apparel,1857956294.00,426,10791,active
Product_0494,SKU-000494,Healthcare,1591608159.00,279,10284,active
Product_0495,SKU-000495,Industrial,251472107.00,382,19402,active
Product_0496,SKU-000496,Software,106583900.00,154,10010,active
Product_0497,SKU-000497,Electronics,1378336413.00,257,5984,active
Product_0498,SKU-000498,Office,1662181176.00,98,13060,active
Product_0499,SKU-000499,Furniture,350387793.00,491,14011,active
Product_0500,SKU-000500,Food,351709063.00,23,11029,active
Product_0501,SKU-000501,Apparel,2020942331.00,495,6233,active
Product_0502,SKU-000502,Healthcare,1296156035.00,543,7081,active
Product_0503,SKU-000503,Industrial,750568722.00,248,3539,active
Product_0504,SKU-000504,Software,1822103692.00,316,16083,active
Product_0505,SKU-000505,Electronics,919598986.00,526,14672,active
Product_0506,SKU-000506,Office,938750948.00,411,10173,active
Product_0507,SKU-000507,Furniture,1856267371.00,62,8626,active
Product_0508,SKU-000508,Food,1621241860.00,179,15714,active
Product_0509,SKU-000509,Apparel,1567657089.00,449,13109,active
Product_0510,SKU-000510,Healthcare,559579727.00,27,19332,active
Product_0511,SKU-000511,Industrial,249016640.00,276,6875,active
Product_0512,SKU-000512,Software,545039540.00,98,10759,active
Product_0513,SKU-000513,Electronics,1909302884.00,244,10044,active
Product_0514,SKU-000514,Office,893552747.00,0,13017,out
Product_0515,SKU-000515,Furniture,1874954412.00,42,483,active
Product_0516,SKU-000516,Food,1767366176.00,68,16148,active
Product_0517,SKU-000517,Apparel,1074386629.00,369,5360,active
Product_0518,SKU-000518,Healthcare,2146155032.00,449,15708,active
Product_0519,SKU-000519,Industrial,1940665552.00,399,14284,active
Product_0520,SKU-000520,Software,854693678.00,565,6294,active
Product_0521,SKU-000521,Electronics,272062389.00,492,10618,active
Product_0522,SKU-000522,Office,912019645.00,68,3843,active
Product_0523,SKU-000523,Furniture,1053464477.00,261,15278,active
Product_0524,SKU-000524,Food,994036070.00,122,11320,active
Product_0525,SKU-000525,Apparel,1598252469.00,226,6435,active
Product_0526,SKU-000526,Healthcare,71621664.00,213,2032,active
Product_0527,SKU-000527,Industrial,194412133.00,283,16667,active
Product_0528,SKU-000528,Software,1696149144.00,278,3508,active
Product_0529,SKU-000529,Electronics,860298765.00,38,12124,active
Product_0530,SKU-000530,Office,386761473.00,304,19492,active
Product_0531,SKU-000531,Furniture,147166616.00,473,5402,active
Product_0532,SKU-000532,Food,584125560.00,50,9243,active
Product_0533,SKU-000533,Apparel,1437172397.00,59,11661,active
Product_0534,SKU-000534,Healthcare,745678412.00,379,7633,active
Product_0535,SKU-000535,Industrial,356628202.00,29,2212,active
Product_0536,SKU-000536,Software,1178030580.00,428,5159,active
Product_0537,SKU-000537,Electronics,1485795169.00,11,13025,active
Product_0538,SKU-000538,Office,1289848306.00,88,4854,active
Product_0539,SKU-000539,Furniture,1265432776.00,210,14372,active
Product_0540,SKU-000540,Food,803910275.00,450,5543,active
Product_0541,SKU-000541,Apparel,1846220584.00,58,12886,active
Product_0542,SKU-000542,Healthcare,1332018177.00,103,16538,active
Product_0543,SKU-000543,Industrial,961436894.00,488,17276,active
Product_0544,SKU-000544,Software,616441494.00,442,16205,active
Product_0545,SKU-000545,Electronics,1780875751.00,395,15247,active
Product_0546,SKU-000546,Office,414452652.00,551,19110,active
Product_0547,SKU-000547,Furniture,1179988504.00,199,17173,active
Product_0548,SKU-000548,Food,2071423021.00,163,13974,active
Product_0549,SKU-000549,Apparel,1943959137.00,295,2491,active
Product_0550,SKU-000550,Healthcare,2036542574.00,299,2178,active
Product_0551,SKU-000551,Industrial,1021411381.00,3,11883,low
Product_0552,SKU-000552,Software,631864181.00,115,7456,active
Product_0553,SKU-000553,Electronics,354438115.00,468,4093,active
Product_0554,SKU-000554,Office,1269847897.00,511,343,active
Product_0555,SKU-000555,Furniture,221176308.00,327,7791,active
Product_0556,SKU-000556,Food,1527803645.00,415,739,active
Product_0557,SKU-000557,Apparel,232848750.00,152,11200,active
Product_0558,SKU-000558,Healthcare,936493898.00,36,1779,active
Product_0559,SKU-000559,Industrial,1470710779.00,373,17409,active
Product_0560,SKU-000560,Software,779022062.00,37,1619,active
Product_0561,SKU-000561,Electronics,768667466.00,528,5073,active
Product_0562,SKU-000562,Office,1551315331.00,444,11367,active
Product_0563,SKU-000563,Furniture,383998345.00,360,480,active
Product_0564,SKU-000564,Food,1462145895.00,418,4770,active
Product_0565,SKU-000565,Apparel,1083035075.00,141,16667,active
Product_0566,SKU-000566,Healthcare,980722181.00,84,4595,active
Product_0567,SKU-000567,Industrial,1406342307.00,478,17608,active
Product_0568,SKU-000568,Software,1827956408.00,244,332,active
Product_0569,SKU-000569,Electronics,353791722.00,547,15378,active
Product_0570,SKU-000570,Office,1735066838.00,481,16812,active
Product_0571,SKU-000571,Furniture,1904964726.00,335,16159,active
Product_0572,SKU-000572,Food,229788850.00,43,11119,active
Product_0573,SKU-000573,Apparel,1530712283.00,204,17010,active
Product_0574,SKU-000574,Healthcare,1286473705.00,203,213,active
Product_0575,SKU-000575,Industrial,1094387752.00,534,3379,active
Product_0576,SKU-000576,Software,1368556286.00,412,3245,active
Product_0577,SKU-000577,Electronics,1842133488.00,181,14635,active
Product_0578,SKU-000578,Office,2100672556.00,63,17180,active
Product_0579,SKU-000579,Furniture,1776847830.00,192,18409,active
Product_0580,SKU-000580,Food,1017948613.00,49,11710,active
Product_0581,SKU-000581,Apparel,998781024.00,272,10653,active
Product_0582,SKU-000582,Healthcare,795448227.00,152,14872,active
Product_0583,SKU-000583,Industrial,985580430.00,447,15552,active
Product_0584,SKU-000584,Software,680306504.00,524,3864,active
Product_0585,SKU-000585,Electronics,238462057.00,390,12209,active
Product_0586,SKU-000586,Office,482738406.00,448,8609,active
Product_0587,SKU-000587,Furniture,1624282579.00,224,12124,active
Product_0588,SKU-000588,Food,7635089.00,308,18376,active
Product_0589,SKU-000589,Apparel,945573419.00,566,17062,active
Product_0590,SKU-000590,Healthcare,1105933294.00,74,6005,active
Product_0591,SKU-000591,Industrial,1152219281.00,75,13124,active
Product_0592,SKU-000592,Software,760654774.00,256,11490,active
Product_0593,SKU-000593,Electronics,1348061546.00,188,17052,active
Product_0594,SKU-000594,Office,1663430444.00,226,13585,active
Product_0595,SKU-000595,Furniture,1738411387.00,533,8618,active
Product_0596,SKU-000596,Food,1707233572.00,15,10263,active
Product_0597,SKU-000597,Apparel,1876636648.00,371,19222,active
Product_0598,SKU-000598,Healthcare,585649189.00,58,16713,active
Product_0599,SKU-000599,Industrial,346130896.00,556,12471,active
Product_0600,SKU-000600,Software,1536652446.00,248,16298,active
Product_0601,SKU-000601,Electronics,243965710.00,369,4769,active
Product_0602,SKU-000602,Office,523285519.00,400,7477,active
Product_0603,SKU-000603,Furniture,1643174841.00,449,4262,active
Product_0604,SKU-000604,Food,1430950533.00,475,3390,active
Product_0605,SKU-000605,Apparel,1072871786.00,236,7500,active
Product_0606,SKU-000606,Healthcare,2121028028.00,17,4860,active
Product_0607,SKU-000607,Industrial,1721826164.00,109,10307,active
Product_0608,SKU-000608,Software,995252597.00,423,6012,active
Product_0609,SKU-000609,Electronics,917111428.00,428,15603,active
Product_0610,SKU-000610,Office,1630151762.00,318,4609,active
Product_0611,SKU-000611,Furniture,709942970.00,123,13884,active
Product_0612,SKU-000612,Food,2077203904.00,355,13759,active
Product_0613,SKU-000613,Apparel,1472531516.00,418,17241,active
Product_0614,SKU-000614,Healthcare,1577690241.00,36,11487,active
Product_0615,SKU-000615,Industrial,1594673570.00,464,2706,active
Product_0616,SKU-000616,Software,1044667422.00,291,7152,active
Product_0617,SKU-000617,Electronics,216269815.00,265,18835,active
Product_0618,SKU-000618,Office,415229872.00,579,16803,active
Product_0619,SKU-000619,Furniture,1052854962.00,57,50,active
Product_0620,SKU-000620,Food,1302958061.00,373,5469,active
Product_0621,SKU-000621,Apparel,2129509908.00,67,10284,active
Product_0622,SKU-000622,Healthcare,209118359.00,263,770,active
Product_0623,SKU-000623,Industrial,1410428628.00,496,22,active
Product_0624,SKU-000624,Software,442086080.00,19,17115,active
Product_0625,SKU-000625,Electronics,1155084667.00,314,9817,active
Product_0626,SKU-000626,Office,1184194906.00,379,3566,active
Product_0627,SKU-000627,Furniture,1390845818.00,351,4934,active
Product_0628,SKU-000628,Food,1268493071.00,121,2642,active
Product_0629,SKU-000629,Apparel,918449629.00,549,5333,active
Product_0630,SKU-000630,Healthcare,1578729272.00,207,5641,active
Product_0631,SKU-000631,Industrial,1482752198.00,112,16872,active
Product_0632,SKU-000632,Software,1405219309.00,285,18673,active
Product_0633,SKU-000633,Electronics,1909750827.00,334,5780,active
Product_0634,SKU-000634,Office,245975758.00,477,21,active
Product_0635,SKU-000635,Furniture,1159209853.00,332,13500,active
Product_0636,SKU-000636,Food,307828730.00,211,12859,active
Product_0637,SKU-000637,Apparel,1837189279.00,450,7989,active
Product_0638,SKU-000638,Healthcare,2129185433.00,214,18312,active
Product_0639,SKU-000639,Industrial,757310757.00,467,2074,active
Product_0640,SKU-000640,Software,1491294467.00,565,10863,active
Product_0641,SKU-000641,Electronics,754626960.00,179,10866,active
Product_0642,SKU-000642,Office,444839587.00,555,13791,active
Product_0643,SKU-000643,Furniture,702521350.00,171,1226,active
Product_0644,SKU-000644,Food,1514743303.00,384,8543,active
Product_0645,SKU-000645,Apparel,1631206757.00,271,18835,active
Product_0646,SKU-000646,Healthcare,559884520.00,249,19909,active
Product_0647,SKU-000647,Industrial,2053461122.00,340,9823,active
Product_0648,SKU-000648,Software,1745784325.00,123,13482,active
Product_0649,SKU-000649,Electronics,866119855.00,30,4357,active
Product_0650,SKU-000650,Office,322671929.00,96,2492,active
Product_0651,SKU-000651,Furniture,1509680108.00,599,19143,active
Product_0652,SKU-000652,Food,840317508.00,70,8244,active
Product_0653,SKU-000653,Apparel,1412569585.00,178,14480,active
Product_0654,SKU-000654,Healthcare,553053150.00,411,13978,active
Product_0655,SKU-000655,Industrial,1500026802.00,23,16716,active
Product_0656,SKU-000656,Software,1826300793.00,307,2365,active
Product_0657,SKU-000657,Electronics,612487406.00,284,15014,active
Product_0658,SKU-000658,Office,1090663542.00,364,8440,active
Product_0659,SKU-000659,Furniture,392000081.00,584,5330,active
Product_0660,SKU-000660,Food,2021963821.00,352,277,active
Product_0661,SKU-000661,Apparel,1799253341.00,363,6995,active
Product_0662,SKU-000662,Healthcare,1137508094.00,90,2667,active
Product_0663,SKU-000663,Industrial,303814425.00,75,11795,active
Product_0664,SKU-000664,Software,1506164952.00,104,14106,active
Product_0665,SKU-000665,Electronics,1355857535.00,274,11671,active
Product_0666,SKU-000666,Office,1152759317.00,438,15167,active
Product_0667,SKU-000667,Furniture,359480849.00,106,14841,active
Product_0668,SKU-000668,Food,309317046.00,79,979,active
Product_0669,SKU-000669,Apparel,1223375119.00,101,13453,active
Product_0670,SKU-000670,Healthcare,2072128747.00,354,13574,active
Product_0671,SKU-000671,Industrial,401433002.00,179,9951,active
Product_0672,SKU-000672,Software,136591459.00,266,11883,active
Product_0673,SKU-000673,Electronics,1884068633.00,30,18905,active
Product_0674,SKU-000674,Office,1551190648.00,18,17578,active
Product_0675,SKU-000675,Furniture,1635917337.00,491,11266,active
Product_0676,SKU-000676,Food,304970029.00,461,19270,active
Product_0677,SKU-000677,Apparel,1830943727.00,381,1352,active
Product_0678,SKU-000678,Healthcare,1528976892.00,227,806,active
Product_0679,SKU-000679,Industrial,507159927.00,437,16126,active
Product_0680,SKU-000680,Software,762744229.00,380,9492,active
Product_0681,SKU-000681,Electronics,530879097.00,305,16364,active
Product_0682,SKU-000682,Office,1891176815.00,31,9349,active
Product_0683,SKU-000683,Furniture,2102088590.00,519,6209,active
Product_0684,SKU-000684,Food,1119845203.00,421,17768,active
Product_0685,SKU-000685,Apparel,1088877301.00,564,10318,active
Product_0686,SKU-000686,Healthcare,167397631.00,118,5424,active
Product_0687,SKU-000687,Industrial,1006037635.00,66,11017,active
Product_0688,SKU-000688,Software,1112680459.00,438,19521,active
Product_0689,SKU-000689,Electronics,466360056.00,101,3373,active
Product_0690,SKU-000690,Office,753501528.00,298,4468,active
Product_0691,SKU-000691,Furniture,1482791788.00,82,19784,active
Product_0692,SKU-000692,Food,2069879862.00,308,337,active
Product_0693,SKU-000693,Apparel,922393914.00,476,11051,active
Product_0694,SKU-000694,Healthcare,1108014841.00,126,14282,active
Product_0695,SKU-000695,Industrial,363081546.00,225,5558,active
Product_0696,SKU-000696,Software,443884234.00,319,19299,active
Product_0697,SKU-000697,Electronics,1669818555.00,251,11971,active
Product_0698,SKU-000698,Office,2054034707.00,25,957,active
Product_0699,SKU-000699,Furniture,1716506239.00,458,6981,active
Product_0700,SKU-000700,Food,1738043433.00,502,3122,active
Product_0701,SKU-000701,Apparel,1076387498.00,46,15401,active
Product_0702,SKU-000702,Healthcare,1669278727.00,341,3575,active
Product_0703,SKU-000703,Industrial,1284070040.00,102,14096,active
Product_0704,SKU-000704,Software,1374981533.00,386,9480,active
Product_0705,SKU-000705,Electronics,1761959297.00,146,16004,active
Product_0706,SKU-000706,Office,1560056879.00,438,15606,active
Product_0707,SKU-000707,Furniture,2059722109.00,586,9236,active
Product_0708,SKU-000708,Food,109769569.00,527,16954,active
Product_0709,SKU-000709,Apparel,1023729679.00,496,1026,active
Product_0710,SKU-000710,Healthcare,1862439437.00,82,4887,active
Product_0711,SKU-000711,Industrial,852960772.00,441,16281,active
Product_0712,SKU-000712,Software,930162872.00,470,18030,active
Product_0713,SKU-000713,Electronics,1945935399.00,585,85,active
Product_0714,SKU-000714,Office,709231061.00,223,1481,active
Product_0715,SKU-000715,Furniture,548154495.00,294,7156,active
Product_0716,SKU-000716,Food,1200070115.00,225,3481,active
Product_0717,SKU-000717,Apparel,545559912.00,559,15932,active
Product_0718,SKU-000718,Healthcare,225021566.00,11,7837,active
Product_0719,SKU-000719,Industrial,1160516047.00,512,3299,active
Product_0720,SKU-000720,Software,456951805.00,181,3616,active
Product_0721,SKU-000721,Electronics,987084111.00,461,2010,active
Product_0722,SKU-000722,Office,616902089.00,266,15488,active
Product_0723,SKU-000723,Furniture,1588406931.00,385,19059,active
Product_0724,SKU-000724,Food,1678540384.00,473,10527,active
Product_0725,SKU-000725,Apparel,306700777.00,390,4683,active
Product_0726,SKU-000726,Healthcare,1633769228.00,138,13686,active
Product_0727,SKU-000727,Industrial,635449200.00,446,17572,active
Product_0728,SKU-000728,Software,749154372.00,129,13968,active
Product_0729,SKU-000729,Electronics,1624398609.00,320,1044,active
Product_0730,SKU-000730,Office,913884094.00,138,7024,active
Product_0731,SKU-000731,Furniture,1691781731.00,327,3291,active
Product_0732,SKU-000732,Food,1366011157.00,518,9734,active
Product_0733,SKU-000733,Apparel,147385903.00,540,16793,active
Product_0734,SKU-000734,Healthcare,1467153053.00,571,13626,active
Product_0735,SKU-000735,Industrial,451534710.00,213,9447,active
Product_0736,SKU-000736,Software,705546758.00,177,18625,active
Product_0737,SKU-000737,Electronics,1322943797.00,179,18122,active
Product_0738,SKU-000738,Office,1799458698.00,101,18292,active
Product_0739,SKU-000739,Furniture,1286360106.00,82,594,active
Product_0740,SKU-000740,Food,1239691056.00,120,13492,active
Product_0741,SKU-000741,Apparel,1405031250.00,57,6550,active
Product_0742,SKU-000742,Healthcare,911682303.00,430,4848,active
Product_0743,SKU-000743,Industrial,1930829433.00,274,18640,active
Product_0744,SKU-000744,Software,1235865235.00,445,15042,active
Product_0745,SKU-000745,Electronics,269633506.00,496,16449,active
Product_0746,SKU-000746,Office,1618147307.00,586,10266,active
Product_0747,SKU-000747,Furniture,795317224.00,44,14232,active
Product_0748,SKU-000748,Food,1698645805.00,268,15770,active
Product_0749,SKU-000749,Apparel,1030909460.00,302,12342,active
Product_0750,SKU-000750,Healthcare,1238158975.00,554,14322,active
Product_0751,SKU-000751,Industrial,1738343668.00,257,8498,active
Product_0752,SKU-000752,Software,591978589.00,327,9990,active
Product_0753,SKU-000753,Electronics,1115181831.00,292,13466,active
Product_0754,SKU-000754,Office,410226704.00,245,4568,active
Product_0755,SKU-000755,Furniture,1089077733.00,168,10754,active
Product_0756,SKU-000756,Food,353144892.00,392,16335,active
Product_0757,SKU-000757,Apparel,522575004.00,576,9645,active
Product_0758,SKU-000758,Healthcare,1628808750.00,579,6933,active
Product_0759,SKU-000759,Industrial,374364170.00,393,19765,active
Product_0760,SKU-000760,Software,1824673514.00,489,1380,active
Product_0761,SKU-000761,Electronics,1594146826.00,91,4966,active
Product_0762,SKU-000762,Office,1722526537.00,350,5041,active
Product_0763,SKU-000763,Furniture,1036711818.00,398,1145,active
Product_0764,SKU-000764,Food,891453806.00,20,15698,active
Product_0765,SKU-000765,Apparel,568196594.00,100,2519,active
Product_0766,SKU-000766,Healthcare,1182269715.00,425,7065,active
Product_0767,SKU-000767,Industrial,734512847.00,473,10712,active
Product_0768,SKU-000768,Software,1817763843.00,542,18600,active
Product_0769,SKU-000769,Electronics,616119063.00,390,11527,active
Product_0770,SKU-000770,Office,68807623.00,330,14828,active
Product_0771,SKU-000771,Furniture,299402236.00,123,13279,active
Product_0772,SKU-000772,Food,727401908.00,505,3079,active
Product_0773,SKU-000773,Apparel,1064935488.00,111,8353,active
Product_0774,SKU-000774,Healthcare,1978508696.00,105,3884,active
Product_0775,SKU-000775,Industrial,891070345.00,526,7849,active
Product_0776,SKU-000776,Software,2121810607.00,47,6736,active
Product_0777,SKU-000777,Electronics,1624592802.00,166,18128,active
Product_0778,SKU-000778,Office,245655734.00,228,4945,active
Product_0779,SKU-000779,Furniture,1950135198.00,203,19475,active
Product_0780,SKU-000780,Food,1328031994.00,502,59,active
Product_0781,SKU-000781,Apparel,1199000987.00,572,2380,active
Product_0782,SKU-000782,Healthcare,974157414.00,322,6769,active
Product_0783,SKU-000783,Industrial,1732959007.00,228,2646,active
Product_0784,SKU-000784,Software,923279468.00,254,10594,active
Product_0785,SKU-000785,Electronics,167922410.00,180,8637,active
Product_0786,SKU-000786,Office,412021573.00,591,524,active
Product_0787,SKU-000787,Furniture,1117885656.00,593,14995,active
Product_0788,SKU-000788,Food,653787325.00,135,13215,active
Product_0789,SKU-000789,Apparel,165373744.00,380,1427,active
Product_0790,SKU-000790,Healthcare,311919461.00,161,3639,active
Product_0791,SKU-000791,Industrial,1797564916.00,482,15668,active
Product_0792,SKU-000792,Software,1273613598.00,285,3,active
Product_0793,SKU-000793,Electronics,1070157134.00,351,11308,active
Product_0794,SKU-000794,Office,491599998.00,229,3836,active
Product_0795,SKU-000795,Furniture,1343200431.00,582,12297,active
Product_0796,SKU-000796,Food,62784170.00,477,13525,active
Product_0797,SKU-000797,Apparel,470605164.00,301,6531,active
Product_0798,SKU-000798,Healthcare,602720111.00,518,3031,active
Product_0799,SKU-000799,Industrial,1531513856.00,533,1506,active
Product_0800,SKU-000800,Software,2071139341.00,438,14671,active
Product_0801,SKU-000801,Electronics,1094282430.00,569,5634,active
Product_0802,SKU-000802,Office,1803296272.00,473,19175,active
Product_0803,SKU-000803,Furniture,569757233.00,532,19057,active
Product_0804,SKU-000804,Food,1222441839.00,390,14120,active
Product_0805,SKU-000805,Apparel,1089817481.00,114,3021,active
Product_0806,SKU-000806,Healthcare,466243371.00,353,6678,active
Product_0807,SKU-000807,Industrial,924506921.00,463,11222,active
Product_0808,SKU-000808,Software,784891266.00,52,2704,active
Product_0809,SKU-000809,Electronics,1922023733.00,569,10419,active
Product_0810,SKU-000810,Office,448586442.00,189,12952,active
Product_0811,SKU-000811,Furniture,1405230028.00,292,10581,active
Product_0812,SKU-000812,Food,872031355.00,219,13626,active
Product_0813,SKU-000813,Apparel,1762500562.00,593,5721,active
Product_0814,SKU-000814,Healthcare,719835991.00,302,11335,active
Product_0815,SKU-000815,Industrial,355403699.00,596,3879,active
Product_0816,SKU-000816,Software,114479460.00,548,13453,active
Product_0817,SKU-000817,Electronics,629492903.00,469,10008,active
Product_0818,SKU-000818,Office,375224477.00,115,19297,active
Product_0819,SKU-000819,Furniture,328181703.00,14,12653,active
Product_0820,SKU-000820,Food,1825732190.00,130,11044,active
Product_0821,SKU-000821,Apparel,870133688.00,124,15766,active
Product_0822,SKU-000822,Healthcare,370728971.00,443,7726,active
Product_0823,SKU-000823,Industrial,1317655535.00,55,91,active
Product_0824,SKU-000824,Software,205031390.00,91,16018,active
Product_0825,SKU-000825,Electronics,534011266.00,113,13702,active
Product_0826,SKU-000826,Office,1072016222.00,335,15888,active
Product_0827,SKU-000827,Furniture,1069748953.00,569,19610,active
Product_0828,SKU-000828,Food,1067245099.00,201,12875,active
Product_0829,SKU-000829,Apparel,234729298.00,302,19073,active
Product_0830,SKU-000830,Healthcare,371796799.00,267,5529,active
Product_0831,SKU-000831,Industrial,1805118314.00,263,1583,active
Product_0832,SKU-000832,Software,181501913.00,594,7014,active
Product_0833,SKU-000833,Electronics,788618996.00,120,17455,active
Product_0834,SKU-000834,Office,810128504.00,494,285,active
Product_0835,SKU-000835,Furniture,1039480618.00,86,12149,active
Product_0836,SKU-000836,Food,338603079.00,340,12679,active
Product_0837,SKU-000837,Apparel,271594806.00,81,6473,active
Product_0838,SKU-000838,Healthcare,1491848267.00,393,13351,active
Product_0839,SKU-000839,Industrial,695574166.00,175,13744,active
Product_0840,SKU-000840,Software,745473292.00,392,15842,active
Product_0841,SKU-000841,Electronics,1871141044.00,273,13669,active
Product_0842,SKU-000842,Office,1129213058.00,460,14132,active
Product_0843,SKU-000843,Furniture,616563767.00,144,19511,active
Product_0844,SKU-000844,Food,485792802.00,170,4690,active
Product_0845,SKU-000845,Apparel,402988739.00,166,18621,active
Product_0846,SKU-000846,Healthcare,693265059.00,350,7987,active
Product_0847,SKU-000847,Industrial,752822434.00,406,18993,active
Product_0848,SKU-000848,Software,323156601.00,80,11167,active
Product_0849,SKU-000849,Electronics,1799009922.00,212,12344,active
Product_0850,SKU-000850,Office,1429043247.00,514,3877,active
Product_0851,SKU-000851,Furniture,854901371.00,85,10374,active
Product_0852,SKU-000852,Food,591215666.00,512,6461,active
Product_0853,SKU-000853,Apparel,1247290158.00,464,14082,active
Product_0854,SKU-000854,Healthcare,2085471146.00,533,13330,active
Product_0855,SKU-000855,Industrial,881468764.00,64,18348,active
Product_0856,SKU-000856,Software,1752146349.00,108,11252,active
Product_0857,SKU-000857,Electronics,255726837.00,528,13029,active
Product_0858,SKU-000858,Office,933886392.00,153,1320,active
Product_0859,SKU-000859,Furniture,1439389016.00,301,3668,active
Product_0860,SKU-000860,Food,2096978786.00,157,783,active
Product_0861,SKU-000861,Apparel,1788059945.00,137,5622,active
Product_0862,SKU-000862,Healthcare,2024611873.00,436,8123,active
Product_0863,SKU-000863,Industrial,167124555.00,170,8584,active
Product_0864,SKU-000864,Software,1677050758.00,594,16976,active
Product_0865,SKU-000865,Electronics,13670096.00,103,5478,active
Product_0866,SKU-000866,Office,1830606560.00,153,18777,active
Product_0867,SKU-000867,Furniture,1435815676.00,117,3763,active
Product_0868,SKU-000868,Food,1901449685.00,294,7790,active
Product_0869,SKU-000869,Apparel,1790405374.00,17,1765,active
Product_0870,SKU-000870,Healthcare,263871267.00,476,15009,active
Product_0871,SKU-000871,Industrial,1207608535.00,140,2923,active
Product_0872,SKU-000872,Software,92700960.00,170,2951,active
Product_0873,SKU-000873,Electronics,661641720.00,338,7987,active
Product_0874,SKU-000874,Office,959350418.00,483,9541,active
Product_0875,SKU-000875,Furniture,1851255143.00,578,11670,active
Product_0876,SKU-000876,Food,414029730.00,560,15146,active
Product_0877,SKU-000877,Apparel,1823289253.00,122,3444,active
Product_0878,SKU-000878,Healthcare,1813479007.00,535,9568,active
Product_0879,SKU-000879,Industrial,2000274807.00,491,2264,active
Product_0880,SKU-000880,Software,1005420317.00,141,13770,active
Product_0881,SKU-000881,Electronics,1352890412.00,588,5844,active
Product_0882,SKU-000882,Office,1787357222.00,98,12435,active
Product_0883,SKU-000883,Furniture,313584441.00,427,12148,active
Product_0884,SKU-000884,Food,626873492.00,318,19105,active
Product_0885,SKU-000885,Apparel,299057511.00,478,5301,active
Product_0886,SKU-000886,Healthcare,142571296.00,578,10349,active
Product_0887,SKU-000887,Industrial,1166403064.00,554,3920,active
Product_0888,SKU-000888,Software,1594445847.00,21,2847,active
Product_0889,SKU-000889,Electronics,47915175.00,413,10350,active
Product_0890,SKU-000890,Office,2144585299.00,169,16174,active
Product_0891,SKU-000891,Furniture,1350818092.00,104,4325,active
Product_0892,SKU-000892,Food,1737480838.00,440,11303,active
Product_0893,SKU-000893,Apparel,1415854921.00,130,3580,active
Product_0894,SKU-000894,Healthcare,354657019.00,321,13658,active
Product_0895,SKU-000895,Industrial,703310028.00,2,7802,low
Product_0896,SKU-000896,Software,1000383775.00,292,6868,active
Product_0897,SKU-000897,Electronics,1809753544.00,172,4557,active
Product_0898,SKU-000898,Office,2011377316.00,396,16334,active
Product_0899,SKU-000899,Furniture,196541088.00,420,1832,active
Product_0900,SKU-000900,Food,1029176960.00,549,19654,active
Product_0901,SKU-000901,Apparel,380849627.00,510,13608,active
Product_0902,SKU-000902,Healthcare,392027491.00,406,18983,active
Product_0903,SKU-000903,Industrial,1855039411.00,7,4496,low
Product_0904,SKU-000904,Software,1007454892.00,72,17712,active
Product_0905,SKU-000905,Electronics,670208541.00,347,6501,active
Product_0906,SKU-000906,Office,327944425.00,481,12479,active
Product_0907,SKU-000907,Furniture,1969064831.00,302,3269,active
Product_0908,SKU-000908,Food,291179605.00,230,18830,active
Product_0909,SKU-000909,Apparel,688795195.00,98,13846,active
Product_0910,SKU-000910,Healthcare,1296857390.00,447,14149,active
Product_0911,SKU-000911,Industrial,1034729539.00,139,6582,active
Product_0912,SKU-000912,Software,1633928697.00,21,3184,active
Product_0913,SKU-000913,Electronics,1897331669.00,377,17859,active
Product_0914,SKU-000914,Office,1171440590.00,66,4079,active
Product_0915,SKU-000915,Furniture,802181797.00,302,11428,active
Product_0916,SKU-000916,Food,611876912.00,350,8479,active
Product_0917,SKU-000917,Apparel,2126672128.00,589,4150,active
Product_0918,SKU-000918,Healthcare,1831720566.00,448,9371,active
Product_0919,SKU-000919,Industrial,2078314550.00,430,9364,active
Product_0920,SKU-000920,Software,1481652183.00,332,300,active
Product_0921,SKU-000921,Electronics,1718931958.00,153,6271,active
Product_0922,SKU-000922,Office,769377925.00,171,16975,active
Product_0923,SKU-000923,Furniture,12619019.00,242,16371,active
Product_0924,SKU-000924,Food,1692042388.00,285,18182,active
Product_0925,SKU-000925,Apparel,902910540.00,224,10904,active
Product_0926,SKU-000926,Healthcare,1713876509.00,453,12708,active
Product_0927,SKU-000927,Industrial,391903751.00,191,16705,active
Product_0928,SKU-000928,Software,1642937588.00,212,3388,active
Product_0929,SKU-000929,Electronics,2111753305.00,195,9501,active
Product_0930,SKU-000930,Office,1866883563.00,27,2907,active
Product_0931,SKU-000931,Furniture,1760343575.00,432,8301,active
Product_0932,SKU-000932,Food,1918394584.00,240,5536,active
Product_0933,SKU-000933,Apparel,1093161147.00,548,2729,active
Product_0934,SKU-000934,Healthcare,1364593945.00,510,19290,active
Product_0935,SKU-000935,Industrial,1402388195.00,532,13639,active
Product_0936,SKU-000936,Software,363763842.00,231,9051,active
Product_0937,SKU-000937,Electronics,1984438889.00,592,3272,active
Product_0938,SKU-000938,Office,1318462102.00,143,11231,active
Product_0939,SKU-000939,Furniture,297254284.00,324,15821,active
Product_0940,SKU-000940,Food,856456391.00,505,5036,active
Product_0941,SKU-000941,Apparel,1917494123.00,117,7052,active
Product_0942,SKU-000942,Healthcare,482833268.00,599,14220,active
Product_0943,SKU-000943,Industrial,589226775.00,399,4356,active
Product_0944,SKU-000944,Software,1481241476.00,438,17969,active
Product_0945,SKU-000945,Electronics,326406637.00,275,17529,active
Product_0946,SKU-000946,Office,1981262422.00,444,12108,active
Product_0947,SKU-000947,Furniture,466767111.00,6,14560,low
Product_0948,SKU-000948,Food,211922898.00,125,11669,active
Product_0949,SKU-000949,Apparel,1170011406.00,507,13722,active
Product_0950,SKU-000950,Healthcare,2010791675.00,502,1145,active
Product_0951,SKU-000951,Industrial,1117312636.00,266,18484,active
Product_0952,SKU-000952,Software,299854429.00,165,11835,active
Product_0953,SKU-000953,Electronics,795388350.00,421,17669,active
Product_0954,SKU-000954,Office,1512471482.00,323,19937,active
Product_0955,SKU-000955,Furniture,1386128474.00,522,18540,active
Product_0956,SKU-000956,Food,1890626238.00,206,14078,active
Product_0957,SKU-000957,Apparel,930282739.00,221,6955,active
Product_0958,SKU-000958,Healthcare,916800491.00,159,13715,active
Product_0959,SKU-000959,Industrial,665144537.00,261,14223,active
Product_0960,SKU-000960,Software,531914482.00,520,8686,active
Product_0961,SKU-000961,Electronics,1093778540.00,63,12073,active
Product_0962,SKU-000962,Office,57076498.00,187,830,active
Product_0963,SKU-000963,Furniture,591059766.00,482,17909,active
Product_0964,SKU-000964,Food,2070826957.00,188,10876,active
Product_0965,SKU-000965,Apparel,44737369.00,450,14011,active
Product_0966,SKU-000966,Healthcare,880788000.00,338,3729,active
Product_0967,SKU-000967,Industrial,1801465195.00,448,16567,active
Product_0968,SKU-000968,Software,77975105.00,238,17088,active
Product_0969,SKU-000969,Electronics,960517032.00,52,481,active
Product_0970,SKU-000970,Office,136684579.00,292,10076,active
Product_0971,SKU-000971,Furniture,1721220527.00,324,12877,active
Product_0972,SKU-000972,Food,791386537.00,198,17427,active
Product_0973,SKU-000973,Apparel,462133596.00,197,16090,active
Product_0974,SKU-000974,Healthcare,553117186.00,506,3448,active
Product_0975,SKU-000975,Industrial,1003029880.00,105,2383,active
Product_0976,SKU-000976,Software,1394396037.00,158,11120,active
Product_0977,SKU-000977,Electronics,983787353.00,93,272,active
Product_0978,SKU-000978,Office,1225645100.00,63,10047,active
Product_0979,SKU-000979,Furniture,860330189.00,353,4280,active
Product_0980,SKU-000980,Food,1179201880.00,19,6894,active
Product_0981,SKU-000981,Apparel,429753303.00,352,3190,active
Product_0982,SKU-000982,Healthcare,1870295760.00,76,6788,active
Product_0983,SKU-000983,Industrial,2116986703.00,157,11999,active
Product_0984,SKU-000984,Software,83785057.00,297,177,active
Product_0985,SKU-000985,Electronics,1082965643.00,360,14934,active
Product_0986,SKU-000986,Office,657212052.00,558,9257,active
Product_0987,SKU-000987,Furniture,879104266.00,491,12690,active
Product_0988,SKU-000988,Food,48544250.00,70,15710,active
Product_0989,SKU-000989,Apparel,1503288503.00,257,414,active
Product_0990,SKU-000990,Healthcare,324529984.00,247,14696,active
Product_0991,SKU-000991,Industrial,644256859.00,524,6835,active
Product_0992,SKU-000992,Software,1893003705.00,2,7169,low
Product_0993,SKU-000993,Electronics,375185758.00,54,1625,active
Product_0994,SKU-000994,Office,2034480696.00,213,1582,active
Product_0995,SKU-000995,Furniture,292947127.00,335,17476,active
Product_0996,SKU-000996,Food,1078364071.00,107,17503,active
Product_0997,SKU-000997,Apparel,674951461.00,57,17003,active
Product_0998,SKU-000998,Healthcare,720290761.00,509,186,active
Product_0999,SKU-000999,Industrial,831551077.00,467,15497,active
Product_1000,SKU-001000,Software,1952509565.00,98,12292,active
